{
    "Certificate No": "ABCDEFG",
    "Assessment Year": "2014-15",
    "Financial Year": "01-Apr-2013 31-Mar-2014",
    "Name and address of the Deductee": "JOHN DOE 101 EASY STREET APARTMENT 101 MUMBAI - 400011 MAHARASHTRA",
    "Name and address of the Deductor": "EMPLOYER INDIA PRIVATE LIMITED Plant 2, Block A, Some Street, Mumbai-400079 Maharashtra +(91)22-66660000 finance-manager@example.com",
    "TDS Reported": "{\"columns\":[\"Quarter(s)\",\"Receipt Numbers of original quarterly statements of TDS\",\"Amount paid \\/ credited\",\"Amount of Tax deducted\",\"Amount of tax deposited \\/ remitted\"],\"index\":[0,1,2,3],\"data\":[[\"Q1\",\"ABCDEFGH\",\"57546.00\",\"195.00\",\"195.00\"],[\"Q3\",\"ABCDEFGH\",\"84552.00\",\"2133.00\",\"2133.00\"],[\"Q4\",\"ABCDEFGH\",\"93296.00\",\"314.00\",\"314.00\"],[\"Total (Rs.)\",\"\",\"235394.00\",\"2642.00\",\"2642.00\"]]}",
    "PAN Information": "{\"columns\":[\"PAN of the Deductor\",\"TAN of the Deductor\",\"PAN of the Deductee\",\"Employee Reference No\"],\"index\":[0],\"data\":[[\"ABCPA1234A\",\"BLRI00560A\",\"AAAPA1111A\",\"\"]]}"
}