{
    "BillingAddress": "2 Court Square New York, NY 12210",
    "BillingAddressRecipient": "John Smith",
    "CustomerName": "John Smith",
    "DueDate": "26/02/2019",
    "InvoiceDate": "11/02/2019",
    "InvoiceId": "US-001",
    "InvoiceTotal": "$154.06",
    "Amount": "100.00",
    "Description": "Front and rear brake cables",
    "Quantity": "1",
    "UnitPrice": "100.00",
    "Items": "{\"columns\":[\"Amount\",\"Description\",\"Quantity\",\"UnitPrice\"],\"index\":[0,1,2],\"data\":[[\"100.00\",\"Front and rear brake cables\",\"1\",\"100.00\"],[\"30.00\",\"New set of pedal arms\",\"2\",\"15.00\"],[\"15.00\",\"Labor 3hrs\",\"3\",\"5.00\"]]}",
    "PurchaseOrder": "2312/2019",
    "RemittanceAddressRecipient": "East Repair Inc.",
    "ShippingAddress": "3787 Pineview Drive Cambridge, MA 12210",
    "ShippingAddressRecipient": "John Smith",
    "SubTotal": "145.00",
    "TotalTax": "9.06",
    "VendorAddress": "1912 Harvest Lane New York, NY 12210",
    "VendorAddressRecipient": "East Repair Inc.",
    "VendorName": "East Repair Inc."
}