{
    "extraction": {
        "date_of_commencement": "04/01/2019",
        "father_husband_name": "GAJJALA SADANANDA CHARY",
        "employer_name": "GAJJALA KIRAN KUMAR",
        "age_of_employer": "29",
        "name_of_establishment": "MAHAVEER HOME CARE CENTER",
        "number_of_employees": "0",
        "establishment_address": "H.NO. 5-430,,IQBAL AHAMED NAGAR, ,MANCHERIAL ,MANCHERIAL,MANCHERIAL",
        "nature_of_business": "ALL TYPES OF AC REFRIGERATION SPARES PARTS SALES AND SERVICES",
        "registration_number": "SEA/MAN/ALO/M2/0178484/2019",
        "date_of_issue": "19/12/2021"
    },
    "doc_type": "application/pdf",
    "document_type": {
        "Document_Confidence": 0.5
    },
    "req_id": 1673802363856,
    "success": true,
    "error_message": ""
}