{
    "req_id": "mda-req-1",
    "sample1": {
        "damage_location": [
            {
                "amount": "Not Available",
                "gst": "28",
                "part": "Fender",
                "severity": "Severe"
            },
            {
                "amount": "38890",
                "gst": "28",
                "part": "Head Light",
                "severity": "Severe"
            }
        ],
        "is_damaged": true,
        "message": "The car is damaged"
    },
    "success": true
}