{
    "data": {
        "code1": {
            "qr_data": "http://www.youtube.com/watch?v=S5KafuOcyn4",
            "qr_type": "QRCODE"
        },
        "code2": {
            "qr_data": "http://www.youtube.com/watch?v=S5KafuOcyn4",
            "qr_type": "QRCODE"
        },
        "code3": {
            "qr_data": "http://www.youtube.com/watch?v=S5KafuOcyn4",
            "qr_type": "QRCODE"
        },
        "code4": {
            "qr_data": "http://www.youtube.com/watch?v=S5KafuOcyn4",
            "qr_type": "QRCODE"
        },
        "code5": {
            "qr_data": "http://www.youtube.com/watch?v=S5KafuOcyn4",
            "qr_type": "QRCODE"
        },
        "code6": {
            "qr_data": "http://www.youtube.com/watch?v=S5KafuOcyn4",
            "qr_type": "QRCODE"
        }
    },
    "request_id": "q_1673802306003",
    "success": true,
    "error_message": ""
}