{
    "employee_name": "Preethy Varma",
    "net_pay": "Rs. 33900.00",
    "employer_name": "Lenvica Computer Solutions Pvt. Ltd.",
    "payslip_period": "May-11 PF Account Number 01236447",
    "department": ": IT",
    "designation": "Junior Software Engineer",
    "uan": "",
    "Salary Particulars": [
        "{\"columns\":[0,1,2,3,4,5],\"index\":[0,1,2,3,4,5],\"data\":[[\"Earnings\",\"YTD\",\"Amount\",\"Deductions\",\"YTD\",\"Amount\"],[\"Basic Pay\",\"44,000.00\",\"22,000.00\",\"Provident Fund\",\"2,200.00\",\"1,100.00\"],[\"Dearness Allowance\",\"4,400.00\",\"2,200.00\",\"\",\"\",\"\"],[\"House Rent Allowance\",\"17.600.00\",\"8,800.00\",\"\",\"\",\"\"],[\"Medical Allowance\",\"4,000.00\",\"2,000.00\",\"\",\"\",\"\"],[\"Total Earnings\",\"70,000.00\",\"35,000.00\",\"Total Deductions\",\"2,200.00\",\"1,100.00\"]]}"
    ]
}